{"cameraMode":{"drawMode":0,"name":"Shaded","section":"Shading Mode"},"sceneLighting":false,"audioPlay":false,"sceneViewState":{"m_AlwaysRefresh":false,"showFog":true,"showSkybox":false,"showFlares":true,"showImageEffects":true,"showParticleSystems":true,"showVisualEffectGraphs":true,"m_FxEnabled":true},"in2DMode":false,"pivot":{"x":-0.004159864038228989,"y":-0.06391537189483643,"z":-0.026805758476257325},"rotation":{"x":0.4665682017803192,"y":0.08479707688093186,"z":-0.044842179864645007,"w":0.8793210387229919},"size":1.2891459465026856,"orthographic":false}