{"cameraMode":{"drawMode":0,"name":"Shaded","section":"Shading Mode"},"sceneLighting":false,"audioPlay":false,"sceneViewState":{"m_AlwaysRefresh":false,"showFog":true,"showSkybox":false,"showFlares":true,"showImageEffects":true,"showParticleSystems":true,"showVisualEffectGraphs":true,"m_FxEnabled":true},"in2DMode":false,"pivot":{"x":-2.613520622253418,"y":2.1602089405059816,"z":-0.5640122890472412},"rotation":{"x":0.027621334418654443,"y":-0.9682925343513489,"z":0.12443463504314423,"w":0.21492549777030946},"size":2.6005196571350099,"orthographic":false}