{"cameraMode":{"drawMode":0,"name":"Shaded","section":"Shading Mode"},"sceneLighting":true,"audioPlay":false,"sceneViewState":{"m_AlwaysRefresh":false,"showFog":true,"showSkybox":true,"showFlares":true,"showImageEffects":true,"showParticleSystems":true,"showVisualEffectGraphs":true,"m_FxEnabled":true},"in2DMode":false,"pivot":{"x":-7.144826889038086,"y":3.9600000381469728,"z":3.0399999618530275},"rotation":{"x":-0.0030327732674777509,"y":-0.9747086763381958,"z":0.2234075367450714,"w":-0.012462078593671322},"size":14.747519493103028,"orthographic":false}