{"cameraMode":{"drawMode":0,"name":"Shaded","section":"Shading Mode"},"sceneLighting":true,"audioPlay":false,"sceneViewState":{"m_AlwaysRefresh":false,"showFog":true,"showSkybox":true,"showFlares":true,"showImageEffects":true,"showParticleSystems":true,"showVisualEffectGraphs":true,"m_FxEnabled":true},"in2DMode":false,"pivot":{"x":1.6194729804992676,"y":6.132273197174072,"z":-0.09755659103393555},"rotation":{"x":-0.3263212740421295,"y":0.10350266098976135,"z":-0.03597399219870567,"w":-0.9388914108276367},"size":5.013600826263428,"orthographic":false}