{"cameraMode":{"drawMode":0,"name":"Shaded","section":"Shading Mode"},"sceneLighting":true,"audioPlay":false,"sceneViewState":{"m_AlwaysRefresh":false,"showFog":true,"showSkybox":true,"showFlares":true,"showImageEffects":true,"showParticleSystems":true,"showVisualEffectGraphs":true,"m_FxEnabled":true},"in2DMode":false,"pivot":{"x":2.6447958946228029,"y":2.6289455890655519,"z":2.7495241165161135},"rotation":{"x":-0.19356828927993775,"y":0.24570144712924958,"z":-0.05013652518391609,"w":-0.9485158920288086},"size":4.3657684326171879,"orthographic":false}