{"cameraMode":{"drawMode":0,"name":"Shaded","section":"Shading Mode"},"sceneLighting":false,"audioPlay":false,"sceneViewState":{"m_AlwaysRefresh":false,"showFog":true,"showSkybox":false,"showFlares":true,"showImageEffects":true,"showParticleSystems":true,"showVisualEffectGraphs":true,"m_FxEnabled":true},"in2DMode":false,"pivot":{"x":0.0003606099635362625,"y":3.289062261581421,"z":-2.951660633087158},"rotation":{"x":-0.4591516852378845,"y":-0.029609132558107377,"z":0.015333796851336956,"w":-0.8877725005149841},"size":0.8926419019699097,"orthographic":false}