{"cameraMode":{"drawMode":0,"name":"Shaded","section":"Shading Mode"},"sceneLighting":true,"audioPlay":false,"sceneViewState":{"m_AlwaysRefresh":false,"showFog":true,"showSkybox":true,"showFlares":true,"showImageEffects":true,"showParticleSystems":true,"showVisualEffectGraphs":true,"m_FxEnabled":true},"in2DMode":false,"pivot":{"x":4.700066089630127,"y":-2.6442928314208986,"z":6.673051357269287},"rotation":{"x":0.22545605897903443,"y":0.2170582413673401,"z":-0.051599904894828799,"w":0.9483663439750671},"size":6.879535675048828,"orthographic":false}