{"cameraMode":{"drawMode":0,"name":"Shaded","section":"Shading Mode"},"sceneLighting":false,"audioPlay":false,"sceneViewState":{"m_AlwaysRefresh":false,"showFog":false,"showSkybox":false,"showFlares":false,"showImageEffects":false,"showParticleSystems":false,"showVisualEffectGraphs":true,"m_FxEnabled":true},"in2DMode":false,"pivot":{"x":0.0011195847764611245,"y":0.001726372167468071,"z":0.0027792416512966158},"rotation":{"x":-0.052002523094415668,"y":0.9158172011375427,"z":-0.12608012557029725,"w":-0.37773558497428896},"size":0.03275727108120918,"orthographic":false}