{"cameraMode":{"drawMode":0,"name":"Shaded","section":"Shading Mode"},"sceneLighting":false,"audioPlay":false,"sceneViewState":{"m_AlwaysRefresh":false,"showFog":true,"showSkybox":false,"showFlares":true,"showImageEffects":true,"showParticleSystems":true,"showVisualEffectGraphs":true,"m_FxEnabled":true},"in2DMode":false,"pivot":{"x":4.712993144989014,"y":3.140110492706299,"z":-1.4901161193847657e-7},"rotation":{"x":-0.007625177968293428,"y":0.9562768340110779,"z":-0.2914368212223053,"w":-0.025659117847681047},"size":2.402752161026001,"orthographic":false}