{"cameraMode":{"drawMode":0,"name":"Shaded","section":"Shading Mode"},"sceneLighting":false,"audioPlay":false,"sceneViewState":{"m_AlwaysRefresh":false,"showFog":true,"showSkybox":false,"showFlares":true,"showImageEffects":true,"showParticleSystems":true,"showVisualEffectGraphs":true,"m_FxEnabled":true},"in2DMode":false,"pivot":{"x":-0.00025147199630737305,"y":0.22118955850601197,"z":-6.221234798431397e-7},"rotation":{"x":-0.3502133786678314,"y":-0.2394741326570511,"z":0.09312108159065247,"w":-0.9007757902145386},"size":0.43302685022354128,"orthographic":false}