{"cameraMode":{"drawMode":0,"name":"Shaded","section":"Shading Mode"},"sceneLighting":false,"audioPlay":false,"sceneViewState":{"m_AlwaysRefresh":false,"showFog":true,"showSkybox":false,"showFlares":true,"showImageEffects":true,"showParticleSystems":true,"showVisualEffectGraphs":true,"m_FxEnabled":true},"in2DMode":false,"pivot":{"x":0.14021912217140199,"y":0.3520469069480896,"z":0.08815088868141175},"rotation":{"x":-0.3502133786678314,"y":-0.2394741326570511,"z":0.09312108159065247,"w":-0.9007757902145386},"size":0.44419121742248537,"orthographic":false}