{"cameraMode":{"drawMode":0,"name":"Shaded","section":"Shading Mode"},"sceneLighting":false,"audioPlay":false,"sceneViewState":{"m_AlwaysRefresh":false,"showFog":true,"showSkybox":false,"showFlares":true,"showImageEffects":true,"showParticleSystems":true,"showVisualEffectGraphs":true,"m_FxEnabled":true},"in2DMode":false,"pivot":{"x":-0.013422012329101563,"y":0.14545345306396485,"z":-0.000018909573554992676},"rotation":{"x":-0.3502133786678314,"y":-0.2394741326570511,"z":0.09312108159065247,"w":-0.9007757902145386},"size":0.396083265542984,"orthographic":false}