{"cameraMode":{"drawMode":0,"name":"Shaded","section":"Shading Mode"},"sceneLighting":false,"audioPlay":false,"sceneViewState":{"m_AlwaysRefresh":false,"showFog":false,"showSkybox":false,"showFlares":false,"showImageEffects":false,"showParticleSystems":false,"showVisualEffectGraphs":true,"m_FxEnabled":true},"in2DMode":false,"pivot":{"x":-0.0009632346918806434,"y":0.0278078094124794,"z":0.010842962190508843},"rotation":{"x":-0.002437840448692441,"y":0.735564112663269,"z":0.0026516409125179054,"w":0.6774535775184631},"size":0.026196874678134919,"orthographic":false}