{"cameraMode":{"drawMode":0,"name":"Shaded","section":"Shading Mode"},"sceneLighting":false,"audioPlay":false,"sceneViewState":{"m_AlwaysRefresh":false,"showFog":true,"showSkybox":false,"showFlares":true,"showImageEffects":true,"showParticleSystems":true,"showVisualEffectGraphs":true,"m_FxEnabled":true},"in2DMode":false,"pivot":{"x":0.04344141483306885,"y":1.6871206760406495,"z":-0.1708967685699463},"rotation":{"x":-0.00905024167150259,"y":-0.9894616603851318,"z":0.06867021322250366,"w":-0.1276608407497406},"size":1.611793875694275,"orthographic":false}