{"cameraMode":{"drawMode":0,"name":"Shaded","section":"Shading Mode"},"sceneLighting":false,"audioPlay":false,"sceneViewState":{"m_AlwaysRefresh":false,"showFog":true,"showSkybox":false,"showFlares":true,"showImageEffects":true,"showParticleSystems":true,"showVisualEffectGraphs":true,"m_FxEnabled":true},"in2DMode":false,"pivot":{"x":-0.1637369990348816,"y":0.5307419300079346,"z":2.2351741790771486e-8},"rotation":{"x":-0.2516101598739624,"y":-0.36953914165496828,"z":0.10466300696134567,"w":-0.8883621096611023},"size":1.3884499073028565,"orthographic":false}